"county","drug_name","total_prescribed"
"ANDERSON","HYDROCODONE-ACETAMINOPHEN","14216"
"ANDERSON","OXYCODONE-ACETAMINOPHEN","9312"
"ANDERSON","TRAMADOL HCL","3542"
"ANDERSON","OXYCODONE HCL","3426"
"ANDERSON","MORPHINE SULFATE ER","1744"
"ANDERSON","ACETAMINOPHEN-CODEINE","668"
"ANDERSON","FENTANYL","498"
"ANDERSON","OXYMORPHONE HCL ER","463"
"ANDERSON","OXYCONTIN","262"
"ANDERSON","OPANA ER","234"
"ANDERSON","MORPHINE SULFATE","211"
"ANDERSON","ENDOCET","84"
"ANDERSON","TRAMADOL HCL ER","46"
"ANDERSON","TRAMADOL HCL-ACETAMINOPHEN","28"
"ANDERSON","HYDROMORPHONE HCL","25"
"ANDERSON","OXYMORPHONE HCL","19"
"ANDERSON","EMBEDA","16"
"ANDERSON","XTAMPZA ER","15"
"ANDERSON","BUTALBITAL COMPOUND-CODEINE","13"
"ANDERSON","BUTALB-CAFF-ACETAMINOPH-CODEIN","13"
"ANDERSON","ULTRAM","12"
"ANDERSON","BUTRANS","12"
"ANDERSON","BUTORPHANOL TARTRATE","12"
"ANDERSON","HYDROCODONE-IBUPROFEN","11"
"BEDFORD","HYDROCODONE-ACETAMINOPHEN","4691"
"BEDFORD","TRAMADOL HCL","1473"
"BEDFORD","OXYCODONE-ACETAMINOPHEN","1097"
"BEDFORD","OXYCODONE HCL","412"
"BEDFORD","FENTANYL","247"
"BEDFORD","MORPHINE SULFATE ER","188"
"BEDFORD","TRAMADOL HCL-ACETAMINOPHEN","60"
"BEDFORD","ACETAMINOPHEN-CODEINE","48"
"BEDFORD","HYDROMORPHONE HCL","26"
"BEDFORD","OXYCODONE HCL ER","13"
"BEDFORD","HYSINGLA ER","12"
"BEDFORD","OXYCONTIN","11"
"BEDFORD","BUTRANS","11"
"BENTON","HYDROCODONE-ACETAMINOPHEN","4784"
"BENTON","OXYCODONE-ACETAMINOPHEN","1915"
"BENTON","OXYCODONE HCL","1242"
"BENTON","MORPHINE SULFATE ER","1074"
"BENTON","TRAMADOL HCL","554"
"BENTON","FENTANYL","414"
"BENTON","OXYCONTIN","172"
"BENTON","MORPHINE SULFATE","96"
"BENTON","NUCYNTA ER","81"
"BENTON","OPANA ER","71"
"BENTON","BUTRANS","61"
"BENTON","METHADONE HCL","59"
"BENTON","ACETAMINOPHEN-CODEINE","44"
"BENTON","NUCYNTA","33"
"BENTON","EMBEDA","28"
"BENTON","ENDOCET","27"
"BENTON","HYSINGLA ER","20"
"BENTON","OXYMORPHONE HCL ER","17"
"BENTON","HYDROMORPHONE ER","13"
"BENTON","PERCOCET","12"
"BLEDSOE","HYDROCODONE-ACETAMINOPHEN","1978"
"BLEDSOE","TRAMADOL HCL","452"
"BLEDSOE","OXYCODONE-ACETAMINOPHEN","370"
"BLEDSOE","OXYCODONE HCL","238"
"BLEDSOE","ACETAMINOPHEN-CODEINE","165"
"BLEDSOE","FENTANYL","33"
"BLEDSOE","ENDOCET","30"
"BLEDSOE","MORPHINE SULFATE ER","25"
"BLEDSOE","MORPHINE SULFATE","15"
"BLOUNT","HYDROCODONE-ACETAMINOPHEN","13769"
"BLOUNT","TRAMADOL HCL","5298"
"BLOUNT","OXYCODONE-ACETAMINOPHEN","3861"
"BLOUNT","OXYCODONE HCL","2020"
"BLOUNT","MORPHINE SULFATE ER","766"
"BLOUNT","ACETAMINOPHEN-CODEINE","582"
"BLOUNT","FENTANYL","527"
"BLOUNT","MORPHINE SULFATE","134"
"BLOUNT","TRAMADOL HCL-ACETAMINOPHEN","102"
"BLOUNT","OXYCONTIN","90"
"BLOUNT","OPANA ER","41"
"BLOUNT","BUTRANS","32"
"BLOUNT","TRAMADOL HCL ER","25"
"BLOUNT","BUTORPHANOL TARTRATE","23"
"BLOUNT","HYDROMORPHONE HCL","16"
"BLOUNT","ENDOCET","15"
"BLOUNT","CODEINE SULFATE","15"
"BLOUNT","OXYCODONE HCL ER","12"
"BLOUNT","METHADONE HCL","12"
"BLOUNT","EMBEDA","12"
"BRADLEY","HYDROCODONE-ACETAMINOPHEN","20965"
"BRADLEY","OXYCODONE-ACETAMINOPHEN","8859"
"BRADLEY","OXYCODONE HCL","7235"
"BRADLEY","TRAMADOL HCL","4591"
"BRADLEY","MORPHINE SULFATE ER","2636"
"BRADLEY","FENTANYL","872"
"BRADLEY","OXYCONTIN","688"
"BRADLEY","OXYMORPHONE HCL ER","547"
"BRADLEY","HYDROMORPHONE HCL","500"
"BRADLEY","MORPHINE SULFATE","290"
"BRADLEY","METHADONE HCL","232"
"BRADLEY","OPANA ER","222"
"BRADLEY","ACETAMINOPHEN-CODEINE","192"
"BRADLEY","TRAMADOL HCL-ACETAMINOPHEN","97"
"BRADLEY","EMBEDA","71"
"BRADLEY","XTAMPZA ER","64"
"BRADLEY","ENDOCET","59"
"BRADLEY","BUTRANS","38"
"BRADLEY","TRAMADOL HCL ER","35"
"BRADLEY","HYDROCODONE-IBUPROFEN","18"
"BRADLEY","BUTORPHANOL TARTRATE","18"
"BRADLEY","BUTALB-CAFF-ACETAMINOPH-CODEIN","15"
"CAMPBELL","HYDROCODONE-ACETAMINOPHEN","7737"
"CAMPBELL","OXYCODONE HCL","3508"
"CAMPBELL","TRAMADOL HCL","2453"
"CAMPBELL","OXYCODONE-ACETAMINOPHEN","2103"
"CAMPBELL","OXYMORPHONE HCL ER","1006"
"CAMPBELL","OPANA ER","692"
"CAMPBELL","MORPHINE SULFATE ER","454"
"CAMPBELL","ACETAMINOPHEN-CODEINE","308"
"CAMPBELL","ENDOCET","161"
"CAMPBELL","FENTANYL","82"
"CAMPBELL","OXYCONTIN","81"
"CAMPBELL","MORPHINE SULFATE","47"
"CAMPBELL","METHADONE HCL","29"
"CAMPBELL","TRAMADOL HCL ER","26"
"CANNON","HYDROCODONE-ACETAMINOPHEN","1377"
"CANNON","TRAMADOL HCL","373"
"CANNON","OXYCODONE-ACETAMINOPHEN","319"
"CANNON","FENTANYL","278"
"CANNON","OXYCODONE HCL","99"
"CANNON","ACETAMINOPHEN-CODEINE","98"
"CANNON","MORPHINE SULFATE ER","64"
"CANNON","MORPHINE SULFATE","52"
"CANNON","BUTRANS","44"
"CANNON","OXYCONTIN","43"
"CANNON","HYDROMORPHONE HCL","11"
"CARROLL","HYDROCODONE-ACETAMINOPHEN","12093"
"CARROLL","OXYCODONE-ACETAMINOPHEN","2243"
"CARROLL","TRAMADOL HCL","1792"
"CARROLL","OXYCODONE HCL","1406"
"CARROLL","MORPHINE SULFATE ER","1247"
"CARROLL","MORPHINE SULFATE","187"
"CARROLL","ACETAMINOPHEN-CODEINE","171"
"CARROLL","FENTANYL","140"
"CARROLL","OXYCONTIN","116"
"CARROLL","TRAMADOL HCL-ACETAMINOPHEN","43"
"CARROLL","OXYCODONE HCL ER","23"
"CARROLL","EMBEDA","18"
"CARROLL","OPANA ER","11"
"CARROLL","OXYMORPHONE HCL ER","11"
"CARROLL","TRAMADOL HCL ER","11"
"CARTER","HYDROCODONE-ACETAMINOPHEN","5268"
"CARTER","TRAMADOL HCL","2296"
"CARTER","OXYCODONE-ACETAMINOPHEN","1586"
"CARTER","OXYCODONE HCL","1093"
"CARTER","ACETAMINOPHEN-CODEINE","285"
"CARTER","MORPHINE SULFATE ER","215"
"CARTER","FENTANYL","144"
"CARTER","OXYCONTIN","114"
"CARTER","ENDOCET","59"
"CARTER","MORPHINE SULFATE","36"
"CARTER","TRAMADOL HCL-ACETAMINOPHEN","34"
"CARTER","OXYMORPHONE HCL ER","27"
"CARTER","METHADONE HCL","26"
"CARTER","TRAMADOL HCL ER","24"
"CARTER","BUTORPHANOL TARTRATE","12"
"CARTER","HYDROCODONE-IBUPROFEN","11"
"CHEATHAM","HYDROCODONE-ACETAMINOPHEN","3772"
"CHEATHAM","OXYCODONE HCL","1346"
"CHEATHAM","OXYCODONE-ACETAMINOPHEN","1312"
"CHEATHAM","TRAMADOL HCL","1194"
"CHEATHAM","MORPHINE SULFATE ER","473"
"CHEATHAM","ACETAMINOPHEN-CODEINE","339"
"CHEATHAM","OXYMORPHONE HCL ER","249"
"CHEATHAM","OXYCONTIN","188"
"CHEATHAM","FENTANYL","184"
"CHEATHAM","HYDROMORPHONE HCL","76"
"CHEATHAM","OPANA ER","36"
"CHEATHAM","MORPHINE SULFATE","21"
"CHEATHAM","OXYCODONE HCL ER","17"
"CHEATHAM","EMBEDA","17"
"CHEATHAM","METHADONE HCL","15"
"CHEATHAM","TRAMADOL HCL ER","11"
"CHESTER","HYDROCODONE-ACETAMINOPHEN","5238"
"CHESTER","OXYCODONE-ACETAMINOPHEN","1614"
"CHESTER","TRAMADOL HCL","1394"
"CHESTER","OXYCODONE HCL","340"
"CHESTER","MORPHINE SULFATE ER","231"
"CHESTER","ACETAMINOPHEN-CODEINE","198"
"CHESTER","FENTANYL","187"
"CHESTER","METHADONE HCL","176"
"CHESTER","HYDROMORPHONE HCL","74"
"CHESTER","OPANA ER","49"
"CHESTER","OXYCONTIN","42"
"CHESTER","BUTRANS","37"
"CHESTER","OXYMORPHONE HCL ER","16"
"CHESTER","ENDOCET","14"
"CHESTER","OXYCODONE HCL ER","13"
"CHESTER","ZOHYDRO ER","13"
"CHESTER","HYDROMORPHONE ER","12"
"CLAIBORNE","HYDROCODONE-ACETAMINOPHEN","14879"
"CLAIBORNE","TRAMADOL HCL","2395"
"CLAIBORNE","OXYCODONE-ACETAMINOPHEN","1510"
"CLAIBORNE","ACETAMINOPHEN-CODEINE","726"
"CLAIBORNE","OXYCODONE HCL","669"
"CLAIBORNE","MORPHINE SULFATE ER","481"
"CLAIBORNE","FENTANYL","373"
"CLAIBORNE","ENDOCET","68"
"CLAIBORNE","OPANA ER","40"
"CLAIBORNE","BUTRANS","33"
"CLAIBORNE","METHADONE HCL","16"
"CLAIBORNE","OXYMORPHONE HCL ER","15"
"CLAIBORNE","OXYCONTIN","14"
"CLAIBORNE","HYDROCODONE-IBUPROFEN","12"
"CLAIBORNE","TYLENOL-CODEINE NO.4","12"
"CLAY","HYDROCODONE-ACETAMINOPHEN","1982"
"CLAY","OXYCODONE-ACETAMINOPHEN","1780"
"CLAY","TRAMADOL HCL","671"
"CLAY","OXYCODONE HCL","570"
"CLAY","FENTANYL","560"
"CLAY","MORPHINE SULFATE ER","320"
"CLAY","ENDOCET","298"
"CLAY","OXYCONTIN","63"
"CLAY","ACETAMINOPHEN-CODEINE","58"
"CLAY","METHADONE HCL","58"
"CLAY","HYDROMORPHONE HCL","31"
"CLAY","OPANA ER","29"
"CLAY","BUTRANS","19"
"CLAY","HYDROCODONE-IBUPROFEN","16"
"CLAY","PERCOCET","16"
"CLAY","TRAMADOL HCL ER","12"
"COCKE","HYDROCODONE-ACETAMINOPHEN","6049"
"COCKE","TRAMADOL HCL","1597"
"COCKE","OXYCODONE HCL","1331"
"COCKE","OXYCODONE-ACETAMINOPHEN","1178"
"COCKE","MORPHINE SULFATE ER","487"
"COCKE","OXYMORPHONE HCL ER","344"
"COCKE","MORPHINE SULFATE","241"
"COCKE","FENTANYL","202"
"COCKE","OXYMORPHONE HCL","166"
"COCKE","OPANA ER","154"
"COCKE","HYDROMORPHONE HCL","80"
"COCKE","OXYCONTIN","80"
"COCKE","ACETAMINOPHEN-CODEINE","63"
"COCKE","HYSINGLA ER","58"
"COCKE","EMBEDA","39"
"COCKE","HYDROMORPHONE ER","30"
"COCKE","XTAMPZA ER","25"
"COCKE","ENDOCET","13"
"COCKE","HYDROCODONE-IBUPROFEN","12"
"COCKE","BUTALBITAL COMPOUND-CODEINE","12"
"COFFEE","HYDROCODONE-ACETAMINOPHEN","16657"
"COFFEE","OXYCODONE-ACETAMINOPHEN","9836"
"COFFEE","OXYCODONE HCL","6027"
"COFFEE","MORPHINE SULFATE ER","4136"
"COFFEE","TRAMADOL HCL","2895"
"COFFEE","FENTANYL","1275"
"COFFEE","OXYCONTIN","859"
"COFFEE","METHADONE HCL","495"
"COFFEE","HYDROMORPHONE HCL","391"
"COFFEE","MORPHINE SULFATE","271"
"COFFEE","OPANA ER","267"
"COFFEE","OXYMORPHONE HCL ER","208"
"COFFEE","ACETAMINOPHEN-CODEINE","146"
"COFFEE","TRAMADOL HCL-ACETAMINOPHEN","102"
"COFFEE","NUCYNTA ER","88"
"COFFEE","EMBEDA","82"
"COFFEE","BUTRANS","54"
"COFFEE","OXYCODONE HCL ER","43"
"COFFEE","HYDROCODONE-IBUPROFEN","37"
"COFFEE","ENDOCET","25"
"COFFEE","NUCYNTA","15"
"COFFEE","BUTALBITAL COMPOUND-CODEINE","13"
"COFFEE","KADIAN","12"
"COFFEE","TRAMADOL HCL ER","12"
"COFFEE","PENTAZOCINE-NALOXONE HCL","11"
"CROCKETT","HYDROCODONE-ACETAMINOPHEN","1666"
"CROCKETT","TRAMADOL HCL","667"
"CROCKETT","OXYCODONE-ACETAMINOPHEN","176"
"CROCKETT","FENTANYL","97"
"CROCKETT","MORPHINE SULFATE ER","21"
"CROCKETT","ACETAMINOPHEN-CODEINE","17"
"CROCKETT","HYDROMORPHONE HCL","16"
"CROCKETT","MORPHINE SULFATE","12"
"CUMBERLAND","HYDROCODONE-ACETAMINOPHEN","7196"
"CUMBERLAND","OXYCODONE-ACETAMINOPHEN","5340"
"CUMBERLAND","OXYCODONE HCL","3680"
"CUMBERLAND","TRAMADOL HCL","3451"
"CUMBERLAND","MORPHINE SULFATE ER","2008"
"CUMBERLAND","FENTANYL","756"
"CUMBERLAND","OXYCONTIN","409"
"CUMBERLAND","OPANA ER","407"
"CUMBERLAND","ACETAMINOPHEN-CODEINE","276"
"CUMBERLAND","MORPHINE SULFATE","79"
"CUMBERLAND","OXYMORPHONE HCL ER","78"
"CUMBERLAND","ENDOCET","69"
"CUMBERLAND","EMBEDA","66"
"CUMBERLAND","HYDROMORPHONE HCL","62"
"CUMBERLAND","BUTRANS","50"
"CUMBERLAND","METHADONE HCL","41"
"CUMBERLAND","OXYCODONE HCL ER","39"
"CUMBERLAND","TRAMADOL HCL ER","33"
"CUMBERLAND","HYSINGLA ER","26"
"CUMBERLAND","HYDROMORPHONE ER","25"
"CUMBERLAND","BUTORPHANOL TARTRATE","25"
"CUMBERLAND","KADIAN","19"
"CUMBERLAND","BUPRENORPHINE","12"
"CUMBERLAND","BUTALB-CAFF-ACETAMINOPH-CODEIN","12"
"CUMBERLAND","NUCYNTA ER","12"
"CUMBERLAND","NUCYNTA","11"
"CUMBERLAND","OXYCODONE HCL-ASPIRIN","11"
"DAVIDSON","HYDROCODONE-ACETAMINOPHEN","114954"
"DAVIDSON","OXYCODONE-ACETAMINOPHEN","54799"
"DAVIDSON","OXYCODONE HCL","35622"
"DAVIDSON","TRAMADOL HCL","34066"
"DAVIDSON","MORPHINE SULFATE ER","18206"
"DAVIDSON","FENTANYL","8263"
"DAVIDSON","OXYCONTIN","5479"
"DAVIDSON","MORPHINE SULFATE","2419"
"DAVIDSON","ACETAMINOPHEN-CODEINE","2206"
"DAVIDSON","METHADONE HCL","1939"
"DAVIDSON","HYDROMORPHONE HCL","1052"
"DAVIDSON","OXYMORPHONE HCL ER","1017"
"DAVIDSON","OPANA ER","992"
"DAVIDSON","TRAMADOL HCL-ACETAMINOPHEN","949"
"DAVIDSON","BUTRANS","578"
"DAVIDSON","OXYCODONE HCL ER","417"
"DAVIDSON","TRAMADOL HCL ER","372"
"DAVIDSON","NUCYNTA ER","272"
"DAVIDSON","EMBEDA","263"
"DAVIDSON","ENDOCET","221"
"DAVIDSON","BUTORPHANOL TARTRATE","150"
"DAVIDSON","MEPERIDINE HCL","147"
"DAVIDSON","HYDROCODONE-IBUPROFEN","69"
"DAVIDSON","XTAMPZA ER","68"
"DAVIDSON","OXYMORPHONE HCL","54"
"DAVIDSON","HYSINGLA ER","54"
"DAVIDSON","NORCO","40"
"DAVIDSON","PENTAZOCINE-NALOXONE HCL","37"
"DAVIDSON","ZOHYDRO ER","29"
"DAVIDSON","NUCYNTA","27"
"DAVIDSON","BUTALBITAL COMPOUND-CODEINE","26"
"DAVIDSON","BUTALB-CAFF-ACETAMINOPH-CODEIN","23"
"DAVIDSON","PERCOCET","17"
"DAVIDSON","BUPRENORPHINE","12"
"DAVIDSON","ASCOMP WITH CODEINE","12"
"DAVIDSON","CODEINE SULFATE","12"
"DAVIDSON","HYDROMORPHONE ER","11"
"DAVIDSON","KADIAN","11"
"DE KALB","HYDROCODONE-ACETAMINOPHEN","5228"
"DE KALB","OXYCODONE-ACETAMINOPHEN","1083"
"DE KALB","TRAMADOL HCL","965"
"DE KALB","MORPHINE SULFATE ER","199"
"DE KALB","OXYCODONE HCL","168"
"DE KALB","FENTANYL","132"
"DE KALB","TRAMADOL HCL-ACETAMINOPHEN","79"
"DE KALB","ACETAMINOPHEN-CODEINE","51"
"DE KALB","BUTRANS","43"
"DE KALB","MORPHINE SULFATE","27"
"DE KALB","HYDROMORPHONE HCL","13"
"DE KALB","TRAMADOL HCL ER","12"
"DE KALB","ENDOCET","11"
"DE KALB","OXYCONTIN","11"
"DECATUR","HYDROCODONE-ACETAMINOPHEN","1220"
"DECATUR","TRAMADOL HCL","450"
"DECATUR","OXYCODONE-ACETAMINOPHEN","155"
"DECATUR","ACETAMINOPHEN-CODEINE","114"
"DECATUR","MORPHINE SULFATE ER","87"
"DECATUR","OXYCODONE HCL","72"
"DECATUR","FENTANYL","32"
"DECATUR","OXYCONTIN","25"
"DECATUR","MORPHINE SULFATE","17"
"DECATUR","ENDOCET","16"
"DICKSON","HYDROCODONE-ACETAMINOPHEN","8310"
"DICKSON","OXYCODONE-ACETAMINOPHEN","4114"
"DICKSON","TRAMADOL HCL","3092"
"DICKSON","OXYCODONE HCL","2589"
"DICKSON","MORPHINE SULFATE ER","1442"
"DICKSON","FENTANYL","529"
"DICKSON","ACETAMINOPHEN-CODEINE","501"
"DICKSON","OXYCONTIN","356"
"DICKSON","METHADONE HCL","198"
"DICKSON","OXYMORPHONE HCL ER","160"
"DICKSON","OPANA ER","127"
"DICKSON","MORPHINE SULFATE","121"
"DICKSON","NUCYNTA ER","81"
"DICKSON","HYDROMORPHONE HCL","76"
"DICKSON","BUTORPHANOL TARTRATE","54"
"DICKSON","EMBEDA","43"
"DICKSON","BUTRANS","33"
"DICKSON","TRAMADOL HCL-ACETAMINOPHEN","27"
"DICKSON","DURAGESIC","24"
"DICKSON","HYSINGLA ER","19"
"DICKSON","XTAMPZA ER","18"
"DICKSON","OXYCODONE HCL ER","16"
"DICKSON","HYDROCODONE-IBUPROFEN","14"
"DICKSON","ENDOCET","14"
"DICKSON","PENTAZOCINE-NALOXONE HCL","13"
"DICKSON","TRAMADOL HCL ER","13"
"DICKSON","NUCYNTA","11"
"DYER","HYDROCODONE-ACETAMINOPHEN","12366"
"DYER","OXYCODONE-ACETAMINOPHEN","3489"
"DYER","TRAMADOL HCL","2580"
"DYER","OXYCODONE HCL","619"
"DYER","MORPHINE SULFATE ER","603"
"DYER","ACETAMINOPHEN-CODEINE","277"
"DYER","FENTANYL","231"
"DYER","OXYCONTIN","69"
"DYER","HYDROMORPHONE HCL","65"
"DYER","ENDOCET","29"
"DYER","BUTRANS","23"
"DYER","MORPHINE SULFATE","22"
"DYER","HYDROCODONE-IBUPROFEN","13"
"DYER","MEPERIDINE HCL","13"
"FAYETTE","HYDROCODONE-ACETAMINOPHEN","4107"
"FAYETTE","OXYCODONE-ACETAMINOPHEN","1411"
"FAYETTE","OXYCODONE HCL","1033"
"FAYETTE","TRAMADOL HCL","923"
"FAYETTE","MORPHINE SULFATE ER","443"
"FAYETTE","ACETAMINOPHEN-CODEINE","220"
"FAYETTE","FENTANYL","135"
"FAYETTE","HYDROMORPHONE HCL","74"
"FAYETTE","OXYCONTIN","73"
"FAYETTE","OXYCODONE HCL ER","37"
"FAYETTE","HYDROCODONE-IBUPROFEN","25"
"FAYETTE","OPANA ER","24"
"FAYETTE","BUTALB-CAFF-ACETAMINOPH-CODEIN","13"
"FAYETTE","EXALGO","13"
"FAYETTE","SUBSYS","13"
"FAYETTE","METHADONE HCL","12"
"FAYETTE","BUTRANS","11"
"FENTRESS","OXYCODONE-ACETAMINOPHEN","3580"
"FENTRESS","OXYCODONE HCL","2948"
"FENTRESS","HYDROCODONE-ACETAMINOPHEN","2884"
"FENTRESS","MORPHINE SULFATE ER","1248"
"FENTRESS","TRAMADOL HCL","762"
"FENTRESS","FENTANYL","365"
"FENTRESS","ACETAMINOPHEN-CODEINE","352"
"FENTRESS","OPANA ER","240"
"FENTRESS","OXYCONTIN","175"
"FENTRESS","ENDOCET","123"
"FENTRESS","EMBEDA","42"
"FENTRESS","OXYCODONE HCL ER","32"
"FENTRESS","OXYMORPHONE HCL ER","28"
"FENTRESS","HYDROMORPHONE ER","22"
"FENTRESS","MORPHINE SULFATE","18"
"FRANKLIN","HYDROCODONE-ACETAMINOPHEN","6274"
"FRANKLIN","OXYCODONE-ACETAMINOPHEN","2902"
"FRANKLIN","TRAMADOL HCL","1987"
"FRANKLIN","OXYCODONE HCL","1086"
"FRANKLIN","MORPHINE SULFATE ER","575"
"FRANKLIN","TRAMADOL HCL-ACETAMINOPHEN","231"
"FRANKLIN","FENTANYL","174"
"FRANKLIN","HYDROMORPHONE HCL","139"
"FRANKLIN","NUCYNTA ER","97"
"FRANKLIN","ACETAMINOPHEN-CODEINE","85"
"FRANKLIN","OXYCONTIN","83"
"FRANKLIN","EMBEDA","70"
"FRANKLIN","MORPHINE SULFATE","38"
"FRANKLIN","OXYCODONE HCL ER","20"
"FRANKLIN","TRAMADOL HCL ER","16"
"FRANKLIN","NUCYNTA","16"
"FRANKLIN","PENTAZOCINE-NALOXONE HCL","15"
"GIBSON","HYDROCODONE-ACETAMINOPHEN","9972"
"GIBSON","TRAMADOL HCL","3468"
"GIBSON","OXYCODONE-ACETAMINOPHEN","1424"
"GIBSON","ACETAMINOPHEN-CODEINE","433"
"GIBSON","MORPHINE SULFATE ER","336"
"GIBSON","FENTANYL","262"
"GIBSON","OXYCODONE HCL","222"
"GIBSON","OXYCONTIN","78"
"GIBSON","TRAMADOL HCL-ACETAMINOPHEN","67"
"GIBSON","MORPHINE SULFATE","37"
"GIBSON","HYDROCODONE-IBUPROFEN","26"
"GIBSON","METHADONE HCL","23"
"GIBSON","TRAMADOL HCL ER","11"
"GILES","HYDROCODONE-ACETAMINOPHEN","3974"
"GILES","TRAMADOL HCL","1174"
"GILES","OXYCODONE-ACETAMINOPHEN","1103"
"GILES","OXYCODONE HCL","435"
"GILES","MORPHINE SULFATE ER","204"
"GILES","FENTANYL","114"
"GILES","ACETAMINOPHEN-CODEINE","94"
"GILES","OXYMORPHONE HCL ER","25"
"GILES","MORPHINE SULFATE","20"
"GILES","METHADONE HCL","18"
"GILES","PENTAZOCINE-NALOXONE HCL","13"
"GILES","HYDROMORPHONE HCL","12"
"GRAINGER","HYDROCODONE-ACETAMINOPHEN","2104"
"GRAINGER","TRAMADOL HCL","593"
"GRAINGER","OXYCODONE-ACETAMINOPHEN","379"
"GRAINGER","FENTANYL","263"
"GRAINGER","OXYCODONE HCL","139"
"GRAINGER","ACETAMINOPHEN-CODEINE","92"
"GRAINGER","MORPHINE SULFATE","38"
"GRAINGER","MORPHINE SULFATE ER","28"
"GRAINGER","ENDOCET","14"
"GRAINGER","BUTORPHANOL TARTRATE","13"
"GRAINGER","OXYCONTIN","12"
"GREENE","HYDROCODONE-ACETAMINOPHEN","16481"
"GREENE","TRAMADOL HCL","5639"
"GREENE","OXYCODONE-ACETAMINOPHEN","3502"
"GREENE","OXYCODONE HCL","2979"
"GREENE","MORPHINE SULFATE ER","1126"
"GREENE","FENTANYL","383"
"GREENE","OXYCONTIN","381"
"GREENE","ACETAMINOPHEN-CODEINE","351"
"GREENE","OXYMORPHONE HCL ER","233"
"GREENE","OPANA ER","119"
"GREENE","MORPHINE SULFATE","76"
"GREENE","CODEINE SULFATE","43"
"GREENE","HYDROMORPHONE HCL","33"
"GREENE","TRAMADOL HCL ER","26"
"GREENE","TRAMADOL HCL-ACETAMINOPHEN","26"
"GREENE","BUTALBITAL COMPOUND-CODEINE","25"
"GREENE","EMBEDA","17"
"GREENE","HYSINGLA ER","16"
"GREENE","NUCYNTA ER","16"
"GREENE","OXYCODONE HCL ER","15"
"GREENE","METHADONE HCL","13"
"GREENE","PENTAZOCINE-NALOXONE HCL","13"
"GREENE","ENDOCET","11"
"GREENE","HYDROCODONE-IBUPROFEN","11"
"GRUNDY","HYDROCODONE-ACETAMINOPHEN","1934"
"GRUNDY","OXYCODONE-ACETAMINOPHEN","1586"
"GRUNDY","OXYCODONE HCL","870"
"GRUNDY","MORPHINE SULFATE ER","863"
"GRUNDY","TRAMADOL HCL","413"
"GRUNDY","OXYCONTIN","200"
"GRUNDY","FENTANYL","143"
"GRUNDY","METHADONE HCL","90"
"GRUNDY","OPANA ER","90"
"GRUNDY","OXYMORPHONE HCL ER","51"
"GRUNDY","MORPHINE SULFATE","29"
"GRUNDY","EMBEDA","21"
"GRUNDY","OXYCODONE HCL ER","21"
"GRUNDY","ENDOCET","20"
"GRUNDY","HYDROMORPHONE ER","12"
"HAMBLEN","HYDROCODONE-ACETAMINOPHEN","21536"
"HAMBLEN","OXYCODONE-ACETAMINOPHEN","7944"
"HAMBLEN","TRAMADOL HCL","5103"
"HAMBLEN","OXYCODONE HCL","3679"
"HAMBLEN","MORPHINE SULFATE ER","2344"
"HAMBLEN","FENTANYL","1589"
"HAMBLEN","ACETAMINOPHEN-CODEINE","802"
"HAMBLEN","OXYCONTIN","695"
"HAMBLEN","MORPHINE SULFATE","401"
"HAMBLEN","OXYMORPHONE HCL ER","384"
"HAMBLEN","OPANA ER","261"
"HAMBLEN","EMBEDA","107"
"HAMBLEN","BUTORPHANOL TARTRATE","51"
"HAMBLEN","ENDOCET","50"
"HAMBLEN","TRAMADOL HCL-ACETAMINOPHEN","48"
"HAMBLEN","NORCO","38"
"HAMBLEN","OXYCODONE HCL ER","34"
"HAMBLEN","BUTRANS","25"
"HAMBLEN","NUCYNTA","24"
"HAMBLEN","BUTALB-CAFF-ACETAMINOPH-CODEIN","21"
"HAMBLEN","NUCYNTA ER","19"
"HAMBLEN","XTAMPZA ER","13"
"HAMBLEN","ULTRAM","13"
"HAMBLEN","CODEINE SULFATE","12"
"HAMBLEN","HYDROMORPHONE HCL","12"
"HAMBLEN","TRAMADOL HCL ER","12"
"HAMBLEN","METHADONE HCL","12"
"HAMBLEN","OXYMORPHONE HCL","12"
"HAMILTON","HYDROCODONE-ACETAMINOPHEN","87047"
"HAMILTON","OXYCODONE-ACETAMINOPHEN","37538"
"HAMILTON","TRAMADOL HCL","29068"
"HAMILTON","OXYCODONE HCL","16292"
"HAMILTON","MORPHINE SULFATE ER","11344"
"HAMILTON","FENTANYL","4365"
"HAMILTON","OXYCONTIN","2933"
"HAMILTON","HYDROMORPHONE HCL","1925"
"HAMILTON","METHADONE HCL","1843"
"HAMILTON","ACETAMINOPHEN-CODEINE","1816"
"HAMILTON","TRAMADOL HCL-ACETAMINOPHEN","955"
"HAMILTON","OXYMORPHONE HCL ER","799"
"HAMILTON","MORPHINE SULFATE","753"
"HAMILTON","OPANA ER","543"
"HAMILTON","ENDOCET","498"
"HAMILTON","BUTRANS","442"
"HAMILTON","EMBEDA","376"
"HAMILTON","NUCYNTA ER","359"
"HAMILTON","TRAMADOL HCL ER","322"
"HAMILTON","HYDROCODONE-IBUPROFEN","169"
"HAMILTON","OXYCODONE HCL ER","98"
"HAMILTON","MEPERIDINE HCL","78"
"HAMILTON","HYSINGLA ER","59"
"HAMILTON","NUCYNTA","51"
"HAMILTON","ASCOMP WITH CODEINE","40"
"HAMILTON","PERCOCET","36"
"HAMILTON","BUTALBITAL COMPOUND-CODEINE","28"
"HAMILTON","BUTORPHANOL TARTRATE","27"
"HAMILTON","BUPRENORPHINE","27"
"HAMILTON","HYDROMORPHONE ER","25"
"HAMILTON","ULTRAM","14"
"HAMILTON","BUTALB-CAFF-ACETAMINOPH-CODEIN","13"
"HAMILTON","XTAMPZA ER","12"
"HAMILTON","OXYMORPHONE HCL","11"
"HAMILTON","OXYCODONE HCL-ASPIRIN","11"
"HANCOCK","HYDROCODONE-ACETAMINOPHEN","311"
"HANCOCK","TRAMADOL HCL","262"
"HANCOCK","ACETAMINOPHEN-CODEINE","188"
"HANCOCK","OXYCODONE-ACETAMINOPHEN","66"
"HANCOCK","OXYCODONE HCL","31"
"HANCOCK","MORPHINE SULFATE ER","20"
"HARDEMAN","HYDROCODONE-ACETAMINOPHEN","5507"
"HARDEMAN","TRAMADOL HCL","858"
"HARDEMAN","OXYCODONE-ACETAMINOPHEN","636"
"HARDEMAN","MORPHINE SULFATE ER","216"
"HARDEMAN","ACETAMINOPHEN-CODEINE","140"
"HARDEMAN","TRAMADOL HCL-ACETAMINOPHEN","70"
"HARDEMAN","OXYCODONE HCL","57"
"HARDEMAN","FENTANYL","30"
"HARDEMAN","OXYCONTIN","27"
"HARDEMAN","METHADONE HCL","21"
"HARDEMAN","MORPHINE SULFATE","12"
"HARDEMAN","HYDROCODONE-IBUPROFEN","12"
"HARDEMAN","NUCYNTA ER","11"
"HARDIN","HYDROCODONE-ACETAMINOPHEN","5930"
"HARDIN","TRAMADOL HCL","2861"
"HARDIN","OXYCODONE-ACETAMINOPHEN","1203"
"HARDIN","ACETAMINOPHEN-CODEINE","447"
"HARDIN","OXYCODONE HCL","384"
"HARDIN","FENTANYL","287"
"HARDIN","MORPHINE SULFATE ER","110"
"HARDIN","ENDOCET","39"
"HARDIN","OXYCONTIN","31"
"HARDIN","HYDROMORPHONE HCL","25"
"HARDIN","METHADONE HCL","21"
"HARDIN","OPANA ER","20"
"HARDIN","TRAMADOL HCL ER","12"
"HARDIN","MORPHINE SULFATE","12"
"HARDIN","NORCO","11"
"HAWKINS","HYDROCODONE-ACETAMINOPHEN","8135"
"HAWKINS","TRAMADOL HCL","2350"
"HAWKINS","OXYCODONE-ACETAMINOPHEN","1815"
"HAWKINS","OXYCODONE HCL","1527"
"HAWKINS","MORPHINE SULFATE ER","468"
"HAWKINS","FENTANYL","247"
"HAWKINS","ACETAMINOPHEN-CODEINE","247"
"HAWKINS","OXYCONTIN","79"
"HAWKINS","OXYMORPHONE HCL ER","41"
"HAWKINS","HYDROMORPHONE HCL","36"
"HAWKINS","ENDOCET","35"
"HAWKINS","TRAMADOL HCL-ACETAMINOPHEN","13"
"HAWKINS","BUTALBITAL COMPOUND-CODEINE","13"
"HAWKINS","METHADONE HCL","13"
"HAWKINS","MORPHINE SULFATE","11"
"HAYWOOD","HYDROCODONE-ACETAMINOPHEN","2258"
"HAYWOOD","TRAMADOL HCL","1338"
"HAYWOOD","ACETAMINOPHEN-CODEINE","518"
"HAYWOOD","FENTANYL","205"
"HAYWOOD","OXYCODONE-ACETAMINOPHEN","163"
"HAYWOOD","OXYCODONE HCL","32"
"HAYWOOD","OXYCONTIN","19"
"HAYWOOD","METHADONE HCL","12"
"HAYWOOD","TRAMADOL HCL ER","12"
"HAYWOOD","MORPHINE SULFATE ER","11"
"HENDERSON","HYDROCODONE-ACETAMINOPHEN","2668"
"HENDERSON","TRAMADOL HCL","1386"
"HENDERSON","OXYCODONE-ACETAMINOPHEN","288"
"HENDERSON","ACETAMINOPHEN-CODEINE","172"
"HENDERSON","OXYCODONE HCL","157"
"HENDERSON","MORPHINE SULFATE ER","104"
"HENDERSON","FENTANYL","60"
"HENDERSON","OXYCONTIN","39"
"HENDERSON","NUCYNTA ER","12"
"HENDERSON","ULTRAM","12"
"HENRY","HYDROCODONE-ACETAMINOPHEN","10768"
"HENRY","OXYCODONE-ACETAMINOPHEN","3622"
"HENRY","TRAMADOL HCL","2290"
"HENRY","MORPHINE SULFATE ER","1604"
"HENRY","OXYCODONE HCL","1333"
"HENRY","FENTANYL","858"
"HENRY","OXYCONTIN","479"
"HENRY","ACETAMINOPHEN-CODEINE","292"
"HENRY","MORPHINE SULFATE","132"
"HENRY","METHADONE HCL","100"
"HENRY","BUTRANS","72"
"HENRY","OPANA ER","64"
"HENRY","OXYCODONE HCL ER","62"
"HENRY","OXYMORPHONE HCL ER","49"
"HENRY","HYDROMORPHONE ER","31"
"HENRY","ENDOCET","23"
"HENRY","NUCYNTA","22"
"HENRY","HYSINGLA ER","20"
"HENRY","EMBEDA","19"
"HENRY","HYDROMORPHONE HCL","19"
"HENRY","NUCYNTA ER","18"
"HENRY","OXYMORPHONE HCL","14"
"HENRY","TRAMADOL HCL ER","12"
"HENRY","MEPERIDINE HCL","11"
"HICKMAN","HYDROCODONE-ACETAMINOPHEN","2861"
"HICKMAN","TRAMADOL HCL","734"
"HICKMAN","OXYCODONE-ACETAMINOPHEN","631"
"HICKMAN","OXYCODONE HCL","230"
"HICKMAN","ACETAMINOPHEN-CODEINE","136"
"HICKMAN","FENTANYL","85"
"HICKMAN","MORPHINE SULFATE ER","41"
"HICKMAN","HYDROCODONE-IBUPROFEN","19"
"HICKMAN","MORPHINE SULFATE","11"
"HICKMAN","TRAMADOL HCL ER","11"
"HOUSTON","HYDROCODONE-ACETAMINOPHEN","704"
"HOUSTON","TRAMADOL HCL","373"
"HOUSTON","OXYCODONE-ACETAMINOPHEN","306"
"HOUSTON","OXYCODONE HCL","252"
"HOUSTON","FENTANYL","85"
"HOUSTON","MORPHINE SULFATE ER","37"
"HOUSTON","HYDROMORPHONE HCL","30"
"HOUSTON","ACETAMINOPHEN-CODEINE","14"
"HOUSTON","OXYCONTIN","12"
"HUMPHREYS","HYDROCODONE-ACETAMINOPHEN","2068"
"HUMPHREYS","TRAMADOL HCL","474"
"HUMPHREYS","OXYCODONE-ACETAMINOPHEN","261"
"HUMPHREYS","FENTANYL","147"
"HUMPHREYS","OXYCODONE HCL","110"
"HUMPHREYS","ACETAMINOPHEN-CODEINE","104"
"HUMPHREYS","HYDROMORPHONE HCL","29"
"HUMPHREYS","MORPHINE SULFATE ER","28"
"HUMPHREYS","OXYCONTIN","23"
"HUMPHREYS","MORPHINE SULFATE","14"
"HUMPHREYS","TRAMADOL HCL ER","13"
"HUMPHREYS","BUTRANS","13"
"HUMPHREYS","BUTORPHANOL TARTRATE","11"
"JACKSON","HYDROCODONE-ACETAMINOPHEN","392"
"JACKSON","OXYCODONE-ACETAMINOPHEN","297"
"JACKSON","TRAMADOL HCL","179"
"JACKSON","MORPHINE SULFATE ER","47"
"JACKSON","FENTANYL","46"
"JACKSON","HYDROMORPHONE HCL","39"
"JACKSON","TRAMADOL HCL-ACETAMINOPHEN","16"
"JACKSON","PERCOCET","13"
"JACKSON","ACETAMINOPHEN-CODEINE","13"
"JEFFERSON","HYDROCODONE-ACETAMINOPHEN","12536"
"JEFFERSON","OXYCODONE HCL","4150"
"JEFFERSON","TRAMADOL HCL","3840"
"JEFFERSON","OXYCODONE-ACETAMINOPHEN","2891"
"JEFFERSON","MORPHINE SULFATE ER","985"
"JEFFERSON","OXYMORPHONE HCL ER","507"
"JEFFERSON","FENTANYL","481"
"JEFFERSON","OXYCONTIN","434"
"JEFFERSON","OPANA ER","223"
"JEFFERSON","ACETAMINOPHEN-CODEINE","200"
"JEFFERSON","MORPHINE SULFATE","85"
"JEFFERSON","HYDROMORPHONE HCL","39"
"JEFFERSON","OXYCODONE HCL ER","31"
"JEFFERSON","HYDROCODONE-IBUPROFEN","16"
"JEFFERSON","TRAMADOL HCL-ACETAMINOPHEN","12"
"JEFFERSON","METHADONE HCL","11"
"JEFFERSON","BUTRANS","11"
"JOHNSON","HYDROCODONE-ACETAMINOPHEN","3171"
"JOHNSON","TRAMADOL HCL","1086"
"JOHNSON","OXYCODONE-ACETAMINOPHEN","856"
"JOHNSON","OXYCODONE HCL","499"
"JOHNSON","ACETAMINOPHEN-CODEINE","246"
"JOHNSON","MORPHINE SULFATE ER","184"
"JOHNSON","FENTANYL","127"
"JOHNSON","OXYCONTIN","39"
"JOHNSON","PENTAZOCINE-NALOXONE HCL","18"
"JOHNSON","ENDOCET","15"
"JOHNSON","METHADONE HCL","14"
"JOHNSON","MORPHINE SULFATE","14"
"JOHNSON","BUTORPHANOL TARTRATE","12"
"KNOX","HYDROCODONE-ACETAMINOPHEN","83475"
"KNOX","OXYCODONE HCL","43633"
"KNOX","OXYCODONE-ACETAMINOPHEN","39089"
"KNOX","TRAMADOL HCL","31814"
"KNOX","MORPHINE SULFATE ER","16892"
"KNOX","FENTANYL","5120"
"KNOX","OXYMORPHONE HCL ER","4888"
"KNOX","OPANA ER","4592"
"KNOX","OXYCONTIN","4338"
"KNOX","ACETAMINOPHEN-CODEINE","2806"
"KNOX","MORPHINE SULFATE","2223"
"KNOX","HYDROMORPHONE HCL","744"
"KNOX","METHADONE HCL","581"
"KNOX","XTAMPZA ER","325"
"KNOX","TRAMADOL HCL-ACETAMINOPHEN","305"
"KNOX","ENDOCET","273"
"KNOX","EMBEDA","179"
"KNOX","HYDROCODONE-IBUPROFEN","126"
"KNOX","BUTORPHANOL TARTRATE","118"
"KNOX","ZOHYDRO ER","110"
"KNOX","NUCYNTA ER","101"
"KNOX","OXYMORPHONE HCL","97"
"KNOX","TRAMADOL HCL ER","79"
"KNOX","HYDROMORPHONE ER","71"
"KNOX","KADIAN","69"
"KNOX","BUTALBITAL COMPOUND-CODEINE","60"
"KNOX","HYSINGLA ER","48"
"KNOX","OXYCODONE HCL ER","43"
"KNOX","BUTALB-CAFF-ACETAMINOPH-CODEIN","38"
"KNOX","MS CONTIN","38"
"KNOX","PERCOCET","36"
"KNOX","PENTAZOCINE-NALOXONE HCL","34"
"KNOX","NUCYNTA","26"
"KNOX","MEPERIDINE HCL","23"
"KNOX","NORCO","12"
"KNOX","ULTRACET","12"
"KNOX","BUTRANS","11"
"KNOX","ACETAMIN-CAFF-DIHYDROCODEINE","11"
"LAKE","HYDROCODONE-ACETAMINOPHEN","124"
"LAKE","TRAMADOL HCL","65"
"LAKE","OXYCODONE-ACETAMINOPHEN","19"
"LAKE","FENTANYL","12"
"LAUDERDALE","HYDROCODONE-ACETAMINOPHEN","4041"
"LAUDERDALE","OXYCODONE-ACETAMINOPHEN","914"
"LAUDERDALE","TRAMADOL HCL","822"
"LAUDERDALE","OXYCODONE HCL","165"
"LAUDERDALE","FENTANYL","101"
"LAUDERDALE","MORPHINE SULFATE ER","66"
"LAUDERDALE","ACETAMINOPHEN-CODEINE","32"
"LAUDERDALE","BUTRANS","17"
"LAUDERDALE","OXYCONTIN","12"
"LAWRENCE","HYDROCODONE-ACETAMINOPHEN","8862"
"LAWRENCE","OXYCODONE-ACETAMINOPHEN","3117"
"LAWRENCE","TRAMADOL HCL","1854"
"LAWRENCE","OXYCODONE HCL","1538"
"LAWRENCE","MORPHINE SULFATE ER","833"
"LAWRENCE","FENTANYL","460"
"LAWRENCE","OXYCONTIN","235"
"LAWRENCE","ACETAMINOPHEN-CODEINE","137"
"LAWRENCE","METHADONE HCL","69"
"LAWRENCE","HYDROMORPHONE HCL","58"
"LAWRENCE","OPANA ER","36"
"LAWRENCE","EMBEDA","31"
"LAWRENCE","MORPHINE SULFATE","28"
"LAWRENCE","BUTALB-CAFF-ACETAMINOPH-CODEIN","25"
"LAWRENCE","BUTORPHANOL TARTRATE","24"
"LAWRENCE","NUCYNTA","22"
"LAWRENCE","BUTRANS","20"
"LAWRENCE","TRAMADOL HCL-ACETAMINOPHEN","19"
"LAWRENCE","OXYCODONE HCL-ASPIRIN","12"
"LEWIS","HYDROCODONE-ACETAMINOPHEN","2073"
"LEWIS","TRAMADOL HCL","559"
"LEWIS","OXYCODONE-ACETAMINOPHEN","240"
"LEWIS","ACETAMINOPHEN-CODEINE","145"
"LEWIS","OXYCODONE HCL","44"
"LEWIS","HYDROCODONE-IBUPROFEN","15"
"LINCOLN","HYDROCODONE-ACETAMINOPHEN","3368"
"LINCOLN","TRAMADOL HCL","1184"
"LINCOLN","OXYCODONE-ACETAMINOPHEN","745"
"LINCOLN","OXYCODONE HCL","285"
"LINCOLN","FENTANYL","76"
"LINCOLN","MORPHINE SULFATE","62"
"LINCOLN","MORPHINE SULFATE ER","51"
"LINCOLN","OXYCONTIN","44"
"LINCOLN","ACETAMINOPHEN-CODEINE","27"
"LINCOLN","METHADONE HCL","24"
"LINCOLN","OPANA ER","21"
"LINCOLN","OXYMORPHONE HCL ER","17"
"LINCOLN","HYDROMORPHONE HCL","12"
"LOUDON","HYDROCODONE-ACETAMINOPHEN","4717"
"LOUDON","OXYCODONE-ACETAMINOPHEN","1846"
"LOUDON","TRAMADOL HCL","1706"
"LOUDON","OXYCODONE HCL","1645"
"LOUDON","MORPHINE SULFATE ER","505"
"LOUDON","FENTANYL","175"
"LOUDON","ACETAMINOPHEN-CODEINE","120"
"LOUDON","TRAMADOL HCL-ACETAMINOPHEN","96"
"LOUDON","OXYCONTIN","87"
"LOUDON","MORPHINE SULFATE","84"
"LOUDON","OXYMORPHONE HCL ER","71"
"LOUDON","OPANA ER","55"
"LOUDON","METHADONE HCL","26"
"LOUDON","KADIAN","11"
"MACON","HYDROCODONE-ACETAMINOPHEN","1794"
"MACON","TRAMADOL HCL","666"
"MACON","OXYCODONE-ACETAMINOPHEN","347"
"MACON","FENTANYL","190"
"MACON","OXYCODONE HCL","130"
"MACON","ACETAMINOPHEN-CODEINE","61"
"MACON","OXYMORPHONE HCL ER","40"
"MACON","EMBEDA","17"
"MADISON","HYDROCODONE-ACETAMINOPHEN","36667"
"MADISON","OXYCODONE-ACETAMINOPHEN","10160"
"MADISON","TRAMADOL HCL","9504"
"MADISON","OXYCODONE HCL","4051"
"MADISON","MORPHINE SULFATE ER","3344"
"MADISON","FENTANYL","1081"
"MADISON","ACETAMINOPHEN-CODEINE","1028"
"MADISON","OXYCONTIN","645"
"MADISON","TRAMADOL HCL-ACETAMINOPHEN","226"
"MADISON","MORPHINE SULFATE","217"
"MADISON","OPANA ER","192"
"MADISON","METHADONE HCL","150"
"MADISON","NUCYNTA ER","139"
"MADISON","HYDROMORPHONE HCL","116"
"MADISON","HYDROCODONE-IBUPROFEN","116"
"MADISON","OXYMORPHONE HCL ER","88"
"MADISON","EMBEDA","76"
"MADISON","BUTRANS","71"
"MADISON","ENDOCET","59"
"MADISON","BUTORPHANOL TARTRATE","46"
"MADISON","TRAMADOL HCL ER","22"
"MADISON","BUTALB-CAFF-ACETAMINOPH-CODEIN","12"
"MADISON","ULTRAM","11"
"MARION","HYDROCODONE-ACETAMINOPHEN","4064"
"MARION","TRAMADOL HCL","1458"
"MARION","OXYCODONE-ACETAMINOPHEN","1173"
"MARION","OXYCODONE HCL","429"
"MARION","MORPHINE SULFATE ER","194"
"MARION","FENTANYL","124"
"MARION","ENDOCET","44"
"MARION","ACETAMINOPHEN-CODEINE","37"
"MARION","HYDROMORPHONE HCL","25"
"MARION","MORPHINE SULFATE","24"
"MARION","OXYCONTIN","20"
"MARION","METHADONE HCL","18"
"MARION","HYDROMORPHONE ER","11"
"MARSHALL","HYDROCODONE-ACETAMINOPHEN","3290"
"MARSHALL","OXYCODONE-ACETAMINOPHEN","1109"
"MARSHALL","TRAMADOL HCL","1074"
"MARSHALL","OXYCODONE HCL","999"
"MARSHALL","MORPHINE SULFATE ER","631"
"MARSHALL","OXYCONTIN","144"
"MARSHALL","FENTANYL","56"
"MARSHALL","HYDROMORPHONE HCL","54"
"MARSHALL","ACETAMINOPHEN-CODEINE","51"
"MARSHALL","METHADONE HCL","43"
"MARSHALL","MORPHINE SULFATE","36"
"MARSHALL","OXYCODONE HCL ER","33"
"MARSHALL","OPANA ER","27"
"MARSHALL","OXYMORPHONE HCL ER","23"
"MARSHALL","BUTALBITAL COMPOUND-CODEINE","13"
"MAURY","HYDROCODONE-ACETAMINOPHEN","19099"
"MAURY","OXYCODONE-ACETAMINOPHEN","9696"
"MAURY","TRAMADOL HCL","5478"
"MAURY","OXYCODONE HCL","5078"
"MAURY","MORPHINE SULFATE ER","3511"
"MAURY","FENTANYL","1223"
"MAURY","OXYCONTIN","595"
"MAURY","MORPHINE SULFATE","462"
"MAURY","OXYMORPHONE HCL ER","355"
"MAURY","ACETAMINOPHEN-CODEINE","278"
"MAURY","OPANA ER","261"
"MAURY","TRAMADOL HCL-ACETAMINOPHEN","251"
"MAURY","METHADONE HCL","180"
"MAURY","EMBEDA","108"
"MAURY","HYDROMORPHONE HCL","77"
"MAURY","OXYCODONE HCL ER","66"
"MAURY","NUCYNTA ER","66"
"MAURY","DURAGESIC","26"
"MAURY","BUTORPHANOL TARTRATE","24"
"MAURY","EXALGO","24"
"MAURY","XTAMPZA ER","13"
"MAURY","ENDOCET","12"
"MAURY","HYDROCODONE-IBUPROFEN","12"
"MAURY","PENTAZOCINE-NALOXONE HCL","12"
"MAURY","MEPERIDINE HCL","12"
"MAURY","ZOHYDRO ER","11"
"MAURY","OXYMORPHONE HCL","11"
"MAURY","TRAMADOL HCL ER","11"
"MC MINN","HYDROCODONE-ACETAMINOPHEN","10696"
"MC MINN","OXYCODONE-ACETAMINOPHEN","4484"
"MC MINN","TRAMADOL HCL","3040"
"MC MINN","OXYCODONE HCL","2356"
"MC MINN","FENTANYL","790"
"MC MINN","MORPHINE SULFATE ER","550"
"MC MINN","ACETAMINOPHEN-CODEINE","332"
"MC MINN","OXYCONTIN","196"
"MC MINN","MORPHINE SULFATE","157"
"MC MINN","BUTORPHANOL TARTRATE","88"
"MC MINN","METHADONE HCL","84"
"MC MINN","OXYMORPHONE HCL ER","69"
"MC MINN","OPANA ER","42"
"MC MINN","PENTAZOCINE-NALOXONE HCL","33"
"MC MINN","HYDROMORPHONE HCL","30"
"MC MINN","ENDOCET","28"
"MC MINN","EMBEDA","26"
"MC MINN","TRAMADOL HCL-ACETAMINOPHEN","23"
"MC MINN","NUCYNTA ER","14"
"MC MINN","OXYMORPHONE HCL","12"
"MC MINN","BUTALBITAL COMPOUND-CODEINE","12"
"MC MINN","ULTRAM","12"
"MC MINN","BUTALB-CAFF-ACETAMINOPH-CODEIN","11"
"MC NAIRY","HYDROCODONE-ACETAMINOPHEN","7532"
"MC NAIRY","TRAMADOL HCL","2092"
"MC NAIRY","OXYCODONE-ACETAMINOPHEN","1274"
"MC NAIRY","OXYCODONE HCL","824"
"MC NAIRY","MORPHINE SULFATE ER","445"
"MC NAIRY","ACETAMINOPHEN-CODEINE","246"
"MC NAIRY","FENTANYL","156"
"MC NAIRY","MORPHINE SULFATE","148"
"MC NAIRY","OXYCONTIN","76"
"MC NAIRY","ENDOCET","58"
"MC NAIRY","TRAMADOL HCL-ACETAMINOPHEN","26"
"MC NAIRY","EMBEDA","24"
"MC NAIRY","HYDROCODONE-IBUPROFEN","24"
"MC NAIRY","NORCO","12"
"MC NAIRY","HYDROMORPHONE HCL","12"
"MC NAIRY","TYLENOL-CODEINE NO.4","12"
"MC NAIRY","OXYMORPHONE HCL ER","11"
"MC NAIRY","BUTRANS","11"
"MEIGS","HYDROCODONE-ACETAMINOPHEN","638"
"MEIGS","OXYCODONE-ACETAMINOPHEN","373"
"MEIGS","TRAMADOL HCL","188"
"MEIGS","FENTANYL","31"
"MEIGS","TRAMADOL HCL-ACETAMINOPHEN","23"
"MEIGS","OXYCODONE HCL","11"
"MEIGS","OXYCONTIN","11"
"MONROE","HYDROCODONE-ACETAMINOPHEN","9195"
"MONROE","OXYCODONE HCL","2577"
"MONROE","TRAMADOL HCL","2318"
"MONROE","OXYCODONE-ACETAMINOPHEN","2267"
"MONROE","OXYMORPHONE HCL ER","611"
"MONROE","MORPHINE SULFATE ER","335"
"MONROE","OPANA ER","270"
"MONROE","ACETAMINOPHEN-CODEINE","264"
"MONROE","OXYCONTIN","171"
"MONROE","FENTANYL","151"
"MONROE","METHADONE HCL","43"
"MONROE","TRAMADOL HCL-ACETAMINOPHEN","41"
"MONROE","MORPHINE SULFATE","38"
"MONROE","OXYMORPHONE HCL","14"
"MONROE","MEPERIDINE HCL","13"
"MONROE","ROXICODONE","12"
"MONROE","HYDROCODONE-IBUPROFEN","12"
"MONROE","ENDOCET","11"
"MONTGOMERY","HYDROCODONE-ACETAMINOPHEN","15315"
"MONTGOMERY","OXYCODONE HCL","9328"
"MONTGOMERY","OXYCODONE-ACETAMINOPHEN","7820"
"MONTGOMERY","MORPHINE SULFATE ER","3225"
"MONTGOMERY","TRAMADOL HCL","3222"
"MONTGOMERY","OXYMORPHONE HCL ER","1899"
"MONTGOMERY","FENTANYL","1133"
"MONTGOMERY","OXYCONTIN","994"
"MONTGOMERY","METHADONE HCL","474"
"MONTGOMERY","HYDROMORPHONE HCL","390"
"MONTGOMERY","OPANA ER","355"
"MONTGOMERY","ACETAMINOPHEN-CODEINE","334"
"MONTGOMERY","MORPHINE SULFATE","252"
"MONTGOMERY","EMBEDA","192"
"MONTGOMERY","OXYCODONE HCL ER","77"
"MONTGOMERY","OXYMORPHONE HCL","61"
"MONTGOMERY","NUCYNTA ER","56"
"MONTGOMERY","TRAMADOL HCL-ACETAMINOPHEN","33"
"MONTGOMERY","BUTORPHANOL TARTRATE","31"
"MONTGOMERY","XTAMPZA ER","14"
"MONTGOMERY","KADIAN","13"
"MONTGOMERY","BUTALBITAL COMPOUND-CODEINE","13"
"MONTGOMERY","BUTALB-ACETAMINOPH-CAFF-CODEIN","12"
"MOORE","HYDROCODONE-ACETAMINOPHEN","261"
"MOORE","TRAMADOL HCL","195"
"MOORE","OXYCODONE-ACETAMINOPHEN","96"
"MOORE","OXYCODONE HCL","81"
"MOORE","FENTANYL","75"
"MORGAN","OXYCODONE-ACETAMINOPHEN","1741"
"MORGAN","OXYCODONE HCL","1625"
"MORGAN","HYDROCODONE-ACETAMINOPHEN","1537"
"MORGAN","MORPHINE SULFATE ER","570"
"MORGAN","TRAMADOL HCL","242"
"MORGAN","OXYCONTIN","120"
"MORGAN","OPANA ER","110"
"MORGAN","FENTANYL","90"
"MORGAN","XTAMPZA ER","30"
"MORGAN","EMBEDA","23"
"MORGAN","OXYMORPHONE HCL ER","13"
"MORGAN","ACETAMINOPHEN-CODEINE","11"
"OBION","HYDROCODONE-ACETAMINOPHEN","8587"
"OBION","OXYCODONE-ACETAMINOPHEN","3206"
"OBION","OXYCODONE HCL","2926"
"OBION","TRAMADOL HCL","1638"
"OBION","MORPHINE SULFATE ER","1553"
"OBION","FENTANYL","519"
"OBION","OXYCONTIN","366"
"OBION","OXYMORPHONE HCL ER","344"
"OBION","OPANA ER","230"
"OBION","ACETAMINOPHEN-CODEINE","118"
"OBION","MORPHINE SULFATE","50"
"OBION","OXYCODONE HCL ER","49"
"OBION","TRAMADOL HCL-ACETAMINOPHEN","34"
"OBION","NUCYNTA ER","31"
"OBION","EMBEDA","18"
"OBION","BUTORPHANOL TARTRATE","16"
"OBION","HYSINGLA ER","15"
"OBION","TRAMADOL HCL ER","14"
"OBION","PENTAZOCINE-NALOXONE HCL","13"
"OBION","ENDOCET","12"
"OBION","KADIAN","12"
"OBION","METHADONE HCL","11"
"OVERTON","HYDROCODONE-ACETAMINOPHEN","2211"
"OVERTON","OXYCODONE-ACETAMINOPHEN","1865"
"OVERTON","TRAMADOL HCL","870"
"OVERTON","OXYCODONE HCL","771"
"OVERTON","MORPHINE SULFATE ER","402"
"OVERTON","ACETAMINOPHEN-CODEINE","270"
"OVERTON","FENTANYL","215"
"OVERTON","OXYCONTIN","50"
"OVERTON","ENDOCET","44"
"OVERTON","OPANA ER","40"
"OVERTON","MORPHINE SULFATE","34"
"OVERTON","OXYMORPHONE HCL ER","31"
"OVERTON","OXYCODONE HCL ER","21"
"OVERTON","VICODIN HP","11"
"PERRY","HYDROCODONE-ACETAMINOPHEN","1477"
"PERRY","TRAMADOL HCL","452"
"PERRY","OXYCODONE-ACETAMINOPHEN","210"
"PERRY","OXYCODONE HCL","205"
"PERRY","MORPHINE SULFATE ER","170"
"PERRY","ACETAMINOPHEN-CODEINE","145"
"PERRY","FENTANYL","13"
"PERRY","OXYMORPHONE HCL ER","11"
"PICKETT","HYDROCODONE-ACETAMINOPHEN","937"
"PICKETT","TRAMADOL HCL","458"
"PICKETT","OXYCODONE-ACETAMINOPHEN","251"
"PICKETT","FENTANYL","100"
"PICKETT","ACETAMINOPHEN-CODEINE","89"
"PICKETT","OXYCODONE HCL","43"
"PICKETT","MORPHINE SULFATE ER","17"
"PICKETT","NORCO","11"
"POLK","HYDROCODONE-ACETAMINOPHEN","1640"
"POLK","OXYCODONE-ACETAMINOPHEN","496"
"POLK","TRAMADOL HCL","404"
"POLK","OXYCODONE HCL","318"
"POLK","FENTANYL","82"
"POLK","MORPHINE SULFATE ER","45"
"POLK","METHADONE HCL","35"
"POLK","OXYCONTIN","35"
"POLK","ACETAMINOPHEN-CODEINE","29"
"PUTNAM","HYDROCODONE-ACETAMINOPHEN","17375"
"PUTNAM","OXYCODONE-ACETAMINOPHEN","11810"
"PUTNAM","OXYCODONE HCL","6298"
"PUTNAM","TRAMADOL HCL","5076"
"PUTNAM","MORPHINE SULFATE ER","3073"
"PUTNAM","FENTANYL","1604"
"PUTNAM","OXYCONTIN","920"
"PUTNAM","MORPHINE SULFATE","436"
"PUTNAM","OPANA ER","315"
"PUTNAM","OXYMORPHONE HCL ER","285"
"PUTNAM","HYDROMORPHONE HCL","258"
"PUTNAM","ACETAMINOPHEN-CODEINE","252"
"PUTNAM","BUTRANS","210"
"PUTNAM","METHADONE HCL","161"
"PUTNAM","ENDOCET","111"
"PUTNAM","TRAMADOL HCL-ACETAMINOPHEN","100"
"PUTNAM","OXYCODONE HCL ER","90"
"PUTNAM","NUCYNTA ER","65"
"PUTNAM","XTAMPZA ER","57"
"PUTNAM","EMBEDA","42"
"PUTNAM","NUCYNTA","38"
"PUTNAM","HYDROCODONE-IBUPROFEN","27"
"PUTNAM","HYDROMORPHONE ER","18"
"PUTNAM","HYSINGLA ER","17"
"PUTNAM","ZOHYDRO ER","12"
"PUTNAM","BELBUCA","12"
"PUTNAM","TRAMADOL HCL ER","11"
"RHEA","HYDROCODONE-ACETAMINOPHEN","5730"
"RHEA","OXYCODONE-ACETAMINOPHEN","2704"
"RHEA","OXYCODONE HCL","2305"
"RHEA","TRAMADOL HCL","1417"
"RHEA","MORPHINE SULFATE ER","1061"
"RHEA","FENTANYL","440"
"RHEA","OXYCONTIN","261"
"RHEA","ACETAMINOPHEN-CODEINE","202"
"RHEA","OPANA ER","156"
"RHEA","MORPHINE SULFATE","103"
"RHEA","METHADONE HCL","92"
"RHEA","EMBEDA","53"
"RHEA","HYDROMORPHONE HCL","49"
"RHEA","XTAMPZA ER","47"
"RHEA","ENDOCET","31"
"RHEA","HYDROCODONE-IBUPROFEN","29"
"RHEA","OXYCODONE HCL ER","20"
"RHEA","TRAMADOL HCL-ACETAMINOPHEN","19"
"RHEA","BUTRANS","16"
"RHEA","NUCYNTA","13"
"RHEA","HYDROMORPHONE ER","13"
"RHEA","NUCYNTA ER","13"
"RHEA","TRAMADOL HCL ER","12"
"RHEA","OXYMORPHONE HCL ER","12"
"RHEA","BUTORPHANOL TARTRATE","11"
"ROANE","HYDROCODONE-ACETAMINOPHEN","10352"
"ROANE","OXYCODONE HCL","4506"
"ROANE","OXYCODONE-ACETAMINOPHEN","4329"
"ROANE","TRAMADOL HCL","2523"
"ROANE","MORPHINE SULFATE ER","866"
"ROANE","ACETAMINOPHEN-CODEINE","780"
"ROANE","FENTANYL","566"
"ROANE","MORPHINE SULFATE","209"
"ROANE","OXYMORPHONE HCL ER","181"
"ROANE","OXYCONTIN","114"
"ROANE","OPANA ER","85"
"ROANE","METHADONE HCL","28"
"ROANE","HYDROMORPHONE HCL","24"
"ROANE","BUTRANS","15"
"ROANE","EMBEDA","12"
"ROANE","ENDOCET","12"
"ROBERTSON","HYDROCODONE-ACETAMINOPHEN","8790"
"ROBERTSON","OXYCODONE-ACETAMINOPHEN","3171"
"ROBERTSON","TRAMADOL HCL","2494"
"ROBERTSON","OXYCODONE HCL","1652"
"ROBERTSON","MORPHINE SULFATE ER","1266"
"ROBERTSON","FENTANYL","502"
"ROBERTSON","OXYCONTIN","321"
"ROBERTSON","ACETAMINOPHEN-CODEINE","273"
"ROBERTSON","MORPHINE SULFATE","260"
"ROBERTSON","METHADONE HCL","119"
"ROBERTSON","OPANA ER","80"
"ROBERTSON","OXYMORPHONE HCL ER","72"
"ROBERTSON","HYDROMORPHONE HCL","51"
"ROBERTSON","NUCYNTA ER","33"
"ROBERTSON","EMBEDA","31"
"ROBERTSON","TRAMADOL HCL ER","27"
"ROBERTSON","TRAMADOL HCL-ACETAMINOPHEN","22"
"ROBERTSON","MEPERIDINE HCL","14"
"ROBERTSON","BUTORPHANOL TARTRATE","11"
"RUTHERFORD","HYDROCODONE-ACETAMINOPHEN","27838"
"RUTHERFORD","OXYCODONE-ACETAMINOPHEN","14428"
"RUTHERFORD","TRAMADOL HCL","7038"
"RUTHERFORD","OXYCODONE HCL","5928"
"RUTHERFORD","MORPHINE SULFATE ER","3967"
"RUTHERFORD","FENTANYL","1587"
"RUTHERFORD","OXYCONTIN","1138"
"RUTHERFORD","METHADONE HCL","544"
"RUTHERFORD","OXYMORPHONE HCL ER","512"
"RUTHERFORD","MORPHINE SULFATE","349"
"RUTHERFORD","OPANA ER","307"
"RUTHERFORD","ACETAMINOPHEN-CODEINE","297"
"RUTHERFORD","NUCYNTA ER","220"
"RUTHERFORD","HYDROMORPHONE HCL","200"
"RUTHERFORD","TRAMADOL HCL ER","173"
"RUTHERFORD","EMBEDA","147"
"RUTHERFORD","BUTRANS","139"
"RUTHERFORD","OXYCODONE HCL ER","105"
"RUTHERFORD","NUCYNTA","96"
"RUTHERFORD","ENDOCET","83"
"RUTHERFORD","TRAMADOL HCL-ACETAMINOPHEN","47"
"RUTHERFORD","OXYMORPHONE HCL","38"
"RUTHERFORD","HYSINGLA ER","24"
"RUTHERFORD","HYDROMORPHONE ER","16"
"RUTHERFORD","ULTRAM","15"
"RUTHERFORD","BUTORPHANOL TARTRATE","13"
"RUTHERFORD","SUBSYS","12"
"SCOTT","HYDROCODONE-ACETAMINOPHEN","10488"
"SCOTT","OXYCODONE HCL","8970"
"SCOTT","OXYCODONE-ACETAMINOPHEN","3703"
"SCOTT","TRAMADOL HCL","1412"
"SCOTT","MORPHINE SULFATE ER","828"
"SCOTT","ACETAMINOPHEN-CODEINE","178"
"SCOTT","FENTANYL","170"
"SCOTT","OPANA ER","93"
"SCOTT","OXYCONTIN","82"
"SCOTT","OXYMORPHONE HCL ER","38"
"SCOTT","EMBEDA","33"
"SCOTT","METHADONE HCL","22"
"SCOTT","TRAMADOL HCL ER","21"
"SCOTT","MORPHINE SULFATE","20"
"SCOTT","XTAMPZA ER","15"
"SCOTT","BUTRANS","12"
"SCOTT","HYDROMORPHONE HCL","11"
"SCOTT","HYDROCODONE-IBUPROFEN","11"
"SCOTT","ENDOCET","11"
"SEQUATCHIE","HYDROCODONE-ACETAMINOPHEN","623"
"SEQUATCHIE","OXYCODONE-ACETAMINOPHEN","305"
"SEQUATCHIE","TRAMADOL HCL","302"
"SEQUATCHIE","ACETAMINOPHEN-CODEINE","30"
"SEQUATCHIE","TRAMADOL HCL-ACETAMINOPHEN","24"
"SEQUATCHIE","MORPHINE SULFATE ER","18"
"SEQUATCHIE","ENDOCET","15"
"SEQUATCHIE","OXYCODONE HCL","11"
"SEVIER","HYDROCODONE-ACETAMINOPHEN","11474"
"SEVIER","TRAMADOL HCL","3966"
"SEVIER","OXYCODONE-ACETAMINOPHEN","3542"
"SEVIER","OXYCODONE HCL","2844"
"SEVIER","MORPHINE SULFATE ER","657"
"SEVIER","FENTANYL","299"
"SEVIER","ACETAMINOPHEN-CODEINE","150"
"SEVIER","MORPHINE SULFATE","106"
"SEVIER","BELBUCA","39"
"SEVIER","TRAMADOL HCL-ACETAMINOPHEN","39"
"SEVIER","ENDOCET","37"
"SEVIER","OXYMORPHONE HCL ER","29"
"SEVIER","OXYCONTIN","27"
"SEVIER","METHADONE HCL","26"
"SEVIER","HYDROMORPHONE HCL","23"
"SEVIER","PENTAZOCINE-NALOXONE HCL","13"
"SEVIER","BUTRANS","13"
"SEVIER","OPANA ER","12"
"SEVIER","OXYCODONE HCL-ASPIRIN","11"
"SHELBY","HYDROCODONE-ACETAMINOPHEN","106163"
"SHELBY","OXYCODONE-ACETAMINOPHEN","43253"
"SHELBY","TRAMADOL HCL","37761"
"SHELBY","OXYCODONE HCL","15335"
"SHELBY","MORPHINE SULFATE ER","7319"
"SHELBY","ACETAMINOPHEN-CODEINE","6864"
"SHELBY","FENTANYL","6009"
"SHELBY","METHADONE HCL","3029"
"SHELBY","OXYCONTIN","2804"
"SHELBY","MORPHINE SULFATE","1307"
"SHELBY","HYDROMORPHONE HCL","926"
"SHELBY","TRAMADOL HCL-ACETAMINOPHEN","635"
"SHELBY","BUTRANS","321"
"SHELBY","EMBEDA","275"
"SHELBY","TRAMADOL HCL ER","200"
"SHELBY","OPANA ER","190"
"SHELBY","ENDOCET","148"
"SHELBY","HYDROCODONE-IBUPROFEN","138"
"SHELBY","HYSINGLA ER","137"
"SHELBY","BUTORPHANOL TARTRATE","131"
"SHELBY","OXYMORPHONE HCL ER","126"
"SHELBY","OXYCODONE HCL ER","105"
"SHELBY","MEPERIDINE HCL","96"
"SHELBY","NUCYNTA ER","92"
"SHELBY","BUTALBITAL COMPOUND-CODEINE","72"
"SHELBY","HYDROMORPHONE ER","63"
"SHELBY","NUCYNTA","61"
"SHELBY","DURAGESIC","34"
"SHELBY","ULTRAM","27"
"SHELBY","XTAMPZA ER","25"
"SHELBY","PERCOCET","23"
"SHELBY","BUPRENORPHINE","18"
"SHELBY","ZOHYDRO ER","13"
"SHELBY","ACETAMIN-CAFF-DIHYDROCODEINE","12"
"SHELBY","CODEINE SULFATE","12"
"SHELBY","KADIAN","12"
"SHELBY","OXYMORPHONE HCL","11"
"SHELBY","NORCO","11"
"SMITH","HYDROCODONE-ACETAMINOPHEN","3402"
"SMITH","OXYCODONE-ACETAMINOPHEN","2026"
"SMITH","OXYCODONE HCL","852"
"SMITH","TRAMADOL HCL","572"
"SMITH","MORPHINE SULFATE ER","390"
"SMITH","FENTANYL","122"
"SMITH","ACETAMINOPHEN-CODEINE","119"
"SMITH","OXYCONTIN","79"
"SMITH","HYDROMORPHONE HCL","68"
"SMITH","OPANA ER","42"
"SMITH","OXYMORPHONE HCL ER","32"
"SMITH","BUTRANS","31"
"SMITH","BUTORPHANOL TARTRATE","26"
"SMITH","EMBEDA","20"
"SMITH","METHADONE HCL","15"
"SMITH","HYDROMORPHONE ER","13"
"SMITH","OXYCODONE HCL ER","12"
"SMITH","BUTALB-CAFF-ACETAMINOPH-CODEIN","12"
"SMITH","ENDOCET","11"
"STEWART","HYDROCODONE-ACETAMINOPHEN","792"
"STEWART","TRAMADOL HCL","292"
"STEWART","OXYCODONE-ACETAMINOPHEN","144"
"STEWART","OXYCODONE HCL","87"
"STEWART","FENTANYL","41"
"STEWART","ACETAMINOPHEN-CODEINE","27"
"STEWART","OXYCONTIN","20"
"SULLIVAN","HYDROCODONE-ACETAMINOPHEN","49423"
"SULLIVAN","OXYCODONE-ACETAMINOPHEN","20939"
"SULLIVAN","OXYCODONE HCL","17133"
"SULLIVAN","TRAMADOL HCL","15584"
"SULLIVAN","MORPHINE SULFATE ER","5047"
"SULLIVAN","FENTANYL","1910"
"SULLIVAN","OXYCONTIN","1587"
"SULLIVAN","METHADONE HCL","1129"
"SULLIVAN","HYDROMORPHONE HCL","952"
"SULLIVAN","ACETAMINOPHEN-CODEINE","792"
"SULLIVAN","OPANA ER","651"
"SULLIVAN","OXYMORPHONE HCL ER","597"
"SULLIVAN","MORPHINE SULFATE","484"
"SULLIVAN","XTAMPZA ER","247"
"SULLIVAN","NUCYNTA ER","205"
"SULLIVAN","TRAMADOL HCL-ACETAMINOPHEN","178"
"SULLIVAN","OXYCODONE HCL ER","145"
"SULLIVAN","ENDOCET","142"
"SULLIVAN","EMBEDA","141"
"SULLIVAN","HYSINGLA ER","137"
"SULLIVAN","BUTRANS","130"
"SULLIVAN","TRAMADOL HCL ER","88"
"SULLIVAN","HYDROMORPHONE ER","73"
"SULLIVAN","HYDROCODONE-IBUPROFEN","52"
"SULLIVAN","BUTALB-CAFF-ACETAMINOPH-CODEIN","31"
"SULLIVAN","BUTORPHANOL TARTRATE","26"
"SULLIVAN","OXYMORPHONE HCL","21"
"SULLIVAN","NORCO","12"
"SULLIVAN","BUPRENORPHINE","11"
"SULLIVAN","BELBUCA","11"
"SUMNER","HYDROCODONE-ACETAMINOPHEN","27214"
"SUMNER","OXYCODONE-ACETAMINOPHEN","13529"
"SUMNER","OXYCODONE HCL","8797"
"SUMNER","TRAMADOL HCL","7358"
"SUMNER","MORPHINE SULFATE ER","5501"
"SUMNER","FENTANYL","2743"
"SUMNER","OXYCONTIN","1457"
"SUMNER","ACETAMINOPHEN-CODEINE","788"
"SUMNER","METHADONE HCL","625"
"SUMNER","MORPHINE SULFATE","562"
"SUMNER","OXYMORPHONE HCL ER","413"
"SUMNER","HYDROMORPHONE HCL","356"
"SUMNER","OPANA ER","297"
"SUMNER","TRAMADOL HCL-ACETAMINOPHEN","192"
"SUMNER","OXYCODONE HCL ER","144"
"SUMNER","NUCYNTA ER","92"
"SUMNER","EMBEDA","84"
"SUMNER","ENDOCET","74"
"SUMNER","TRAMADOL HCL ER","55"
"SUMNER","HYSINGLA ER","35"
"SUMNER","OXYMORPHONE HCL","35"
"SUMNER","BUTRANS","31"
"SUMNER","NORCO","13"
"SUMNER","BUTALB-CAFF-ACETAMINOPH-CODEIN","13"
"SUMNER","NUCYNTA","12"
"SUMNER","PENTAZOCINE-NALOXONE HCL","11"
"SUMNER","BUTORPHANOL TARTRATE","11"
"SUMNER","DILAUDID","11"
"TIPTON","HYDROCODONE-ACETAMINOPHEN","6742"
"TIPTON","OXYCODONE-ACETAMINOPHEN","2139"
"TIPTON","TRAMADOL HCL","1620"
"TIPTON","OXYCODONE HCL","1167"
"TIPTON","MORPHINE SULFATE ER","586"
"TIPTON","FENTANYL","502"
"TIPTON","ACETAMINOPHEN-CODEINE","250"
"TIPTON","OXYCONTIN","218"
"TIPTON","HYDROMORPHONE HCL","125"
"TIPTON","METHADONE HCL","115"
"TIPTON","ENDOCET","82"
"TIPTON","MORPHINE SULFATE","74"
"TIPTON","BUTRANS","40"
"TIPTON","BUTALBITAL COMPOUND-CODEINE","17"
"TIPTON","OXYCODONE HCL ER","13"
"TIPTON","NUCYNTA ER","13"
"TIPTON","EMBEDA","11"
"TROUSDALE","HYDROCODONE-ACETAMINOPHEN","1660"
"TROUSDALE","OXYCODONE-ACETAMINOPHEN","525"
"TROUSDALE","OXYCODONE HCL","447"
"TROUSDALE","MORPHINE SULFATE ER","269"
"TROUSDALE","TRAMADOL HCL","131"
"TROUSDALE","OXYCONTIN","93"
"TROUSDALE","FENTANYL","91"
"TROUSDALE","OXYMORPHONE HCL ER","37"
"TROUSDALE","OPANA ER","29"
"TROUSDALE","HYDROMORPHONE HCL","25"
"TROUSDALE","BUTRANS","14"
"TROUSDALE","ENDOCET","14"
"UNICOI","HYDROCODONE-ACETAMINOPHEN","3253"
"UNICOI","TRAMADOL HCL","1379"
"UNICOI","OXYCODONE-ACETAMINOPHEN","680"
"UNICOI","OXYCODONE HCL","349"
"UNICOI","FENTANYL","142"
"UNICOI","MORPHINE SULFATE ER","99"
"UNICOI","ACETAMINOPHEN-CODEINE","35"
"UNION","HYDROCODONE-ACETAMINOPHEN","862"
"UNION","OXYCODONE HCL","713"
"UNION","TRAMADOL HCL","588"
"UNION","MORPHINE SULFATE ER","334"
"UNION","OXYCODONE-ACETAMINOPHEN","327"
"UNION","ACETAMINOPHEN-CODEINE","223"
"UNION","OPANA ER","85"
"UNION","FENTANYL","61"
"UNION","OXYCONTIN","52"
"UNION","OXYMORPHONE HCL ER","51"
"UNION","HYDROMORPHONE HCL","15"
"UNION","TRAMADOL HCL-ACETAMINOPHEN","12"
"UNION","MORPHINE SULFATE","11"
"VAN BUREN","HYDROCODONE-ACETAMINOPHEN","746"
"VAN BUREN","OXYCODONE-ACETAMINOPHEN","174"
"VAN BUREN","TRAMADOL HCL","165"
"VAN BUREN","MORPHINE SULFATE ER","77"
"VAN BUREN","ACETAMINOPHEN-CODEINE","50"
"VAN BUREN","FENTANYL","37"
"VAN BUREN","OXYCODONE HCL","36"
"WARREN","HYDROCODONE-ACETAMINOPHEN","8419"
"WARREN","TRAMADOL HCL","2484"
"WARREN","OXYCODONE-ACETAMINOPHEN","2466"
"WARREN","MORPHINE SULFATE ER","589"
"WARREN","OXYCODONE HCL","586"
"WARREN","FENTANYL","348"
"WARREN","ACETAMINOPHEN-CODEINE","213"
"WARREN","OXYCONTIN","59"
"WARREN","MORPHINE SULFATE","51"
"WARREN","BUTRANS","48"
"WARREN","TRAMADOL HCL-ACETAMINOPHEN","11"
"WARREN","TRAMADOL HCL ER","11"
"WASHINGTON","HYDROCODONE-ACETAMINOPHEN","43168"
"WASHINGTON","OXYCODONE-ACETAMINOPHEN","16916"
"WASHINGTON","TRAMADOL HCL","13778"
"WASHINGTON","OXYCODONE HCL","13484"
"WASHINGTON","MORPHINE SULFATE ER","5824"
"WASHINGTON","FENTANYL","2829"
"WASHINGTON","MORPHINE SULFATE","1334"
"WASHINGTON","OXYCONTIN","1059"
"WASHINGTON","OPANA ER","960"
"WASHINGTON","ACETAMINOPHEN-CODEINE","624"
"WASHINGTON","OXYMORPHONE HCL ER","318"
"WASHINGTON","BUTRANS","214"
"WASHINGTON","HYDROMORPHONE HCL","212"
"WASHINGTON","TRAMADOL HCL ER","194"
"WASHINGTON","NUCYNTA ER","137"
"WASHINGTON","EMBEDA","127"
"WASHINGTON","METHADONE HCL","106"
"WASHINGTON","HYDROCODONE-IBUPROFEN","101"
"WASHINGTON","BUTORPHANOL TARTRATE","92"
"WASHINGTON","XTAMPZA ER","76"
"WASHINGTON","HYSINGLA ER","70"
"WASHINGTON","TRAMADOL HCL-ACETAMINOPHEN","64"
"WASHINGTON","ENDOCET","49"
"WASHINGTON","NUCYNTA","42"
"WASHINGTON","OXYCODONE HCL ER","41"
"WASHINGTON","DURAGESIC","25"
"WASHINGTON","OXYMORPHONE HCL","23"
"WASHINGTON","ULTRAM","23"
"WASHINGTON","BUTALB-ACETAMINOPH-CAFF-CODEIN","12"
"WASHINGTON","CODEINE SULFATE","11"
"WASHINGTON","HYDROMORPHONE ER","11"
"WASHINGTON","BUPRENORPHINE","11"
"WAYNE","HYDROCODONE-ACETAMINOPHEN","4106"
"WAYNE","TRAMADOL HCL","1047"
"WAYNE","OXYCODONE-ACETAMINOPHEN","836"
"WAYNE","OXYCODONE HCL","359"
"WAYNE","ACETAMINOPHEN-CODEINE","108"
"WAYNE","FENTANYL","100"
"WAYNE","MORPHINE SULFATE ER","25"
"WAYNE","NUCYNTA ER","12"
"WAYNE","HYDROCODONE-IBUPROFEN","11"
"WAYNE","OXYCODONE HCL ER","11"
"WEAKLEY","HYDROCODONE-ACETAMINOPHEN","8700"
"WEAKLEY","TRAMADOL HCL","1733"
"WEAKLEY","OXYCODONE HCL","1182"
"WEAKLEY","OXYCODONE-ACETAMINOPHEN","1100"
"WEAKLEY","ACETAMINOPHEN-CODEINE","428"
"WEAKLEY","MORPHINE SULFATE ER","381"
"WEAKLEY","FENTANYL","215"
"WEAKLEY","MORPHINE SULFATE","126"
"WEAKLEY","TRAMADOL HCL-ACETAMINOPHEN","98"
"WEAKLEY","OXYCONTIN","83"
"WEAKLEY","BUTRANS","43"
"WEAKLEY","HYDROMORPHONE HCL","40"
"WEAKLEY","METHADONE HCL","36"
"WEAKLEY","OXYMORPHONE HCL ER","20"
"WEAKLEY","MEPERIDINE HCL","17"
"WEAKLEY","HYDROCODONE-IBUPROFEN","13"
"WEAKLEY","ENDOCET","12"
"WEAKLEY","PERCOCET","11"
"WEAKLEY","BUTORPHANOL TARTRATE","11"
"WEAKLEY","TRAMADOL HCL ER","11"
"WHITE","HYDROCODONE-ACETAMINOPHEN","2196"
"WHITE","TRAMADOL HCL","1337"
"WHITE","OXYCODONE-ACETAMINOPHEN","723"
"WHITE","ACETAMINOPHEN-CODEINE","511"
"WHITE","MORPHINE SULFATE ER","237"
"WHITE","OXYCODONE HCL","188"
"WHITE","FENTANYL","127"
"WHITE","MORPHINE SULFATE","36"
"WHITE","METHADONE HCL","22"
"WHITE","BUTORPHANOL TARTRATE","22"
"WHITE","OXYCONTIN","16"
"WHITE","NUCYNTA ER","12"
"WHITE","BUTRANS","12"
"WILLIAMSON","HYDROCODONE-ACETAMINOPHEN","14823"
"WILLIAMSON","OXYCODONE-ACETAMINOPHEN","9861"
"WILLIAMSON","OXYCODONE HCL","4563"
"WILLIAMSON","TRAMADOL HCL","4370"
"WILLIAMSON","MORPHINE SULFATE ER","3376"
"WILLIAMSON","FENTANYL","1159"
"WILLIAMSON","OXYCONTIN","884"
"WILLIAMSON","METHADONE HCL","584"
"WILLIAMSON","MORPHINE SULFATE","314"
"WILLIAMSON","OPANA ER","230"
"WILLIAMSON","TRAMADOL HCL-ACETAMINOPHEN","229"
"WILLIAMSON","ACETAMINOPHEN-CODEINE","210"
"WILLIAMSON","HYDROMORPHONE HCL","165"
"WILLIAMSON","OXYMORPHONE HCL ER","102"
"WILLIAMSON","TRAMADOL HCL ER","82"
"WILLIAMSON","BUTRANS","59"
"WILLIAMSON","OXYCODONE HCL ER","51"
"WILLIAMSON","NUCYNTA ER","50"
"WILLIAMSON","BUTORPHANOL TARTRATE","36"
"WILLIAMSON","EMBEDA","24"
"WILLIAMSON","ENDOCET","23"
"WILLIAMSON","NUCYNTA","17"
"WILLIAMSON","EXALGO","13"
"WILLIAMSON","BUTALB-CAFF-ACETAMINOPH-CODEIN","13"
"WILLIAMSON","MEPERIDINE HCL","12"
"WILLIAMSON","DILAUDID","12"
"WILLIAMSON","ZOHYDRO ER","12"
"WILLIAMSON","ACETAMIN-CAFF-DIHYDROCODEINE","11"
"WILLIAMSON","OXYMORPHONE HCL","11"
"WILSON","HYDROCODONE-ACETAMINOPHEN","16214"
"WILSON","OXYCODONE-ACETAMINOPHEN","7314"
"WILSON","TRAMADOL HCL","4039"
"WILSON","OXYCODONE HCL","3995"
"WILSON","MORPHINE SULFATE ER","2207"
"WILSON","FENTANYL","1296"
"WILSON","OXYCONTIN","827"
"WILSON","MORPHINE SULFATE","324"
"WILSON","OXYMORPHONE HCL ER","192"
"WILSON","ACETAMINOPHEN-CODEINE","166"
"WILSON","HYDROMORPHONE HCL","140"
"WILSON","OPANA ER","140"
"WILSON","METHADONE HCL","128"
"WILSON","BUTRANS","104"
"WILSON","EMBEDA","99"
"WILSON","NUCYNTA ER","77"
"WILSON","TRAMADOL HCL ER","73"
"WILSON","OXYCODONE HCL ER","19"
"WILSON","ENDOCET","15"
"WILSON","HYDROMORPHONE ER","12"
"WILSON","CODEINE SULFATE","12"
"WILSON","NUCYNTA","12"
"WILSON","NORCO","12"
